dataSet,num_nodes,num_edges,16_1,8_1,8_1_balance,8_1_map
DD,334926,1686092,0.2328576147556305,0.15586240589618683,0.1740640103816986,0.14223359525203705
OVCAR-8H,1889543,3946402,0.8986623883247375,0.6371520161628723,0.7400256395339966,0.5934079885482788
Yeast,1710903,3636546,0.7807999849319458,0.5955039858818054,0.6584352254867554,0.526745617389679
YeastH,3138115,6487230,1.4671871662139893,1.043785572052002,1.214128017425537,0.97259521484375
ddi,4268,2140089,0.2246655970811844,0.1234688013792038,0.06241919845342636,0.07690240442752838
protein,132535,79255038,6.273126125335693,3.961686372756958,2.935955286026001,2.709811210632324
reddit,232966,114848857,14.112666130065918,8.112204551696777,3.9342689514160156,5.84744930267334
web-BerkStan,685231,7600595,0.5368832349777222,0.3621504008769989,0.34708160161972046,0.29378560185432434
