dataSet,num_nodes,num_edges,16_1,8_1,8_1_balance,8_1_map
DD,334926,1686092,0.24555520713329315,0.19138559699058533,0.19425280392169952,0.20879359543323517
OVCAR-8H,1889543,3946402,0.982528030872345,0.8261631727218628,0.872755229473114,0.8580096364021301
Yeast,1710903,3636546,0.8349696397781372,0.7626751661300659,0.818073570728302,0.7783423662185669
YeastH,3138115,6487230,1.6123902797698975,1.3587455749511719,1.4376959800720215,1.4091264009475708
ddi,4268,2140089,0.2997247874736786,0.28241920471191406,0.10260479152202606,0.41287678480148315
protein,132535,79255038,6.442291259765625,4.8552961349487305,5.296435356140137,5.867007732391357
reddit,232966,114848857,13.94892692565918,11.532492637634277,7.897702217102051,14.343271255493164
web-BerkStan,685231,7600595,0.5446656346321106,0.4541440010070801,0.43151360750198364,0.5169152021408081
